{"stats":{"minecraft:dropped":{"minecraft:rotten_flesh":2},"minecraft:mined":{"minecraft:grass":8,"projectvibrantjourneys:twigs":2,"projectvibrantjourneys:short_grass":4,"projectvibrantjourneys:bones":1,"projectvibrantjourneys:fallen_leaves":1,"minecraft:pumpkin":1,"projectvibrantjourneys:rocks":1,"minecraft:oak_leaves":1,"immersive_weathering:oak_leaf_pile":1,"biomesoplenty:orange_autumn_leaves":1},"minecraft:picked_up":{"minecraft:stick":2,"minecraft:bone":1,"minecraft:rotten_flesh":2},"minecraft:killed":{"apocalypsenow:walker_14":1,"apocalypsenow:walker_10":1,"apocalypsenow:walker_31":1,"apocalypsenow:walker_5":1,"apocalypsenow:runner_41":1,"apocalypsenow:walker_9":1,"apocalypsenow:runner_53":1},"minecraft:custom":{"minecraft:time_since_rest":14444,"minecraft:crouch_one_cm":10034,"minecraft:sprint_one_cm":8572,"minecraft:play_time":14444,"minecraft:damage_taken":65,"tombstone:undead_killed":7,"minecraft:walk_one_cm":17934,"minecraft:sneak_time":3707,"minecraft:mob_kills":7,"minecraft:drop":2,"minecraft:jump":155,"minecraft:damage_dealt":800,"minecraft:leave_game":3,"minecraft:time_since_death":14444,"minecraft:total_world_time":15574,"minecraft:fall_one_cm":2970,"minecraft:fly_one_cm":19495}},"DataVersion":2975}