{"stats":{"minecraft:killed_by":{"apocalypsenow:runner_48":1,"minecraft:skeleton":1,"minecraft:zombie":1},"minecraft:dropped":{"minecraft:rotten_flesh":8,"minecraft:stick":2,"minecraft:dark_oak_log":2,"minecraft:wooden_sword":1,"minecraft:wooden_pickaxe":1,"minecraft:dark_oak_planks":22},"minecraft:used":{"minecraft:stone_sword":35,"minecraft:stone_pickaxe":91,"minecraft:wooden_pickaxe":6,"minecraft:rotten_flesh":20,"minecraft:dirt":2,"minecraft:crafting_table":2,"minecraft:stone_axe":8,"minecraft:cobblestone":7,"tombstone:gift":2},"minecraft:crafted":{"minecraft:wooden_sword":1,"minecraft:crafting_table":1,"minecraft:wooden_pickaxe":1,"minecraft:furnace":2,"minecraft:stone_axe":1,"minecraft:stick":8,"minecraft:stone_pickaxe":1,"minecraft:stone_sword":1,"minecraft:dark_oak_planks":24},"minecraft:mined":{"biomesoplenty:orange_autumn_leaves":1,"minecraft:dark_oak_log":4,"projectvibrantjourneys:rocks":1,"minecraft:crafting_table":1,"minecraft:torch":4,"projectvibrantjourneys:twigs":2,"minecraft:grass_block":4,"minecraft:copper_ore":5,"minecraft:cobblestone":38,"biomesoplenty:sprout":1,"projectvibrantjourneys:fallen_leaves":1,"minecraft:furnace":1,"projectvibrantjourneys:bones":1,"minecraft:pumpkin":1,"projectvibrantjourneys:short_grass":6,"minecraft:grass":9,"minecraft:coal_ore":46,"lootr:lootr_trapped_chest":1,"minecraft:stone":4,"minecraft:oak_leaves":2,"immersive_weathering:oak_leaf_pile":1,"table_top_craft:chess_piece_figure":1},"minecraft:picked_up":{"minecraft:crafting_table":1,"table_top_craft:chess_piece_figure":1,"minecraft:dirt":4,"minecraft:raw_copper":15,"minecraft:bone":1,"minecraft:furnace":1,"minecraft:stick":5,"minecraft:torch":4,"tombstone:grave_dust":1,"minecraft:dark_oak_log":8,"minecraft:trapped_chest":1,"minecraft:dark_oak_planks":11,"minecraft:bundle":1,"minecraft:arrow":1,"minecraft:rotten_flesh":7,"tombstone:magic_scroll":1,"minecraft:coal":46,"minecraft:cobblestone":42},"minecraft:killed":{"apocalypsenow:walker_9":1,"apocalypsenow:runner_35":1,"apocalypsenow:walker_5":1,"apocalypsenow:walker_14":1,"minecraft:skeleton":1,"minecraft:zombie":2,"apocalypsenow:runner_48":1,"apocalypsenow:runner_41":1,"apocalypsenow:runner_45":1,"apocalypsenow:walker_10":1,"apocalypsenow:runner_53":1,"apocalypsenow:walker_31":1,"apocalypsenow:runner_55":1},"minecraft:custom":{"lootr:looted_stat":3,"minecraft:interact_with_furnace":1,"minecraft:mob_kills":16,"minecraft:interact_with_crafting_table":7,"minecraft:time_since_death":1976,"minecraft:leave_game":3,"minecraft:climb_one_cm":4178,"minecraft:time_since_rest":2004,"minecraft:sprint_one_cm":48531,"minecraft:damage_taken":1398,"minecraft:walk_one_cm":81787,"minecraft:drop":15,"minecraft:damage_dealt":2406,"minecraft:fly_one_cm":98076,"minecraft:crouch_one_cm":26327,"minecraft:play_time":38716,"tombstone:undead_killed":14,"minecraft:deaths":3,"minecraft:sneak_time":8586,"minecraft:jump":635,"minecraft:total_world_time":39846,"minecraft:fall_one_cm":8839}},"DataVersion":2975}