{"stats":{"minecraft:killed_by":{"minecraft:husk":4,"apocalypsenow:runner_48":1,"minecraft:player":1,"minecraft:skeleton":3,"minecraft:stray":1,"minecraft:spider":1,"minecraft:zombie":3},"minecraft:used":{"apocalypsenow:cooked_human_flesh":6,"minecraft:stone_sword":82,"minecraft:stone_pickaxe":132,"minecraft:ladder":1,"minecraft:shield":6,"minecraft:wooden_pickaxe":6,"minecraft:iron_sword":23,"biomesoplenty:fir_button":1,"minecraft:rotten_flesh":28,"minecraft:mossy_cobblestone":1,"minecraft:dirt":17,"minecraft:anvil":1,"minecraft:crafting_table":6,"minecraft:light_gray_terracotta":6,"easy_villagers:villager":1,"minecraft:iron_axe":5,"minecraft:dark_oak_button":2,"minecraft:iron_pickaxe":59,"tombstone:magic_scroll":1,"minecraft:stone_axe":27,"minecraft:cobblestone":7,"minecraft:sweet_berries":2,"minecraft:furnace":2,"tombstone:gift":4,"biomesoplenty:fir_log":1,"apocalypsenow:human_flesh":1},"minecraft:crafted":{"minecraft:wooden_sword":1,"apocalypsenow:barbecuestick":1,"minecraft:crafting_table":2,"minecraft:wooden_pickaxe":1,"minecraft:iron_sword":1,"minecraft:furnace":2,"minecraft:stone_axe":1,"minecraft:air":0,"biomesoplenty:fir_planks":20,"minecraft:shield":1,"minecraft:iron_axe":1,"minecraft:iron_pickaxe":1,"minecraft:iron_ingot":13,"minecraft:stick":16,"apocalypsenow:cooked_human_flesh":6,"minecraft:stone_pickaxe":1,"minecraft:stone_sword":1,"minecraft:dark_oak_planks":24},"minecraft:dropped":{"apocalypsenow:human_flesh":5,"minecraft:furnace":3,"minecraft:stone_axe":1,"apocalypsenow:barbecuestick":1,"minecraft:stone_sword":2,"minecraft:rotten_flesh":15,"quark:white_shard":7,"quark:gray_shard":1,"minecraft:coal":53,"minecraft:stick":2,"minecraft:dark_oak_log":2,"tombstone:grave_key":1,"minecraft:wooden_sword":1,"minecraft:wooden_pickaxe":1,"minecraft:dark_oak_planks":22},"minecraft:broken":{"minecraft:stone_pickaxe":1},"minecraft:mined":{"biomesoplenty:orange_autumn_leaves":1,"mekanism:osmium_ore":3,"minecraft:glass_pane":2,"minecraft:mossy_cobblestone":1,"minecraft:dark_oak_log":4,"projectvibrantjourneys:rocks":1,"minecraft:crafting_table":5,"minecraft:torch":4,"projectvibrantjourneys:twigs":2,"minecraft:grass_block":6,"minecraft:gray_stained_glass":1,"minecraft:white_stained_glass":2,"minecraft:copper_ore":5,"minecraft:cobblestone":54,"biomesoplenty:sprout":1,"projectvibrantjourneys:fallen_leaves":1,"minecraft:wall_torch":1,"biomesoplenty:stripped_fir_log":1,"minecraft:furnace":3,"minecraft:iron_ore":25,"projectvibrantjourneys:bones":1,"biomesoplenty:fir_log":16,"minecraft:pumpkin":1,"minecraft:anvil":2,"minecraft:grass":13,"minecraft:coal_ore":89,"projectvibrantjourneys:short_grass":8,"minecraft:gravel":1,"minecraft:dirt":1,"lootr:lootr_trapped_chest":1,"minecraft:stone":7,"minecraft:oak_leaves":2,"immersive_weathering:oak_leaf_pile":1,"table_top_craft:chess_piece_figure":1},"minecraft:picked_up":{"minecraft:crafting_table":5,"minecraft:dark_oak_button":2,"minecraft:anvil":2,"biomesoplenty:fir_button":1,"table_top_craft:chess_piece_figure":1,"biomesoplenty:fir_sapling":2,"biomesoplenty:fir_log":17,"minecraft:music_disc_cat":1,"minecraft:dirt":39,"minecraft:raw_copper":15,"minecraft:bone":3,"biomesoplenty:stripped_fir_log":1,"minecraft:furnace":5,"minecraft:tipped_arrow":1,"minecraft:raw_iron":21,"minecraft:stick":7,"apocalypsenow:u_sarmy_chestplate":1,"quark:white_shard":7,"minecraft:torch":5,"minecraft:gravel":2,"mekanism:raw_osmium":3,"minecraft:stone_sword":1,"tombstone:grave_dust":4,"minecraft:dark_oak_log":8,"minecraft:trapped_chest":1,"minecraft:mossy_cobblestone":1,"minecraft:light_gray_terracotta":5,"minecraft:dark_oak_planks":11,"minecraft:arrow":4,"minecraft:bundle":1,"minecraft:purple_bed":1,"minecraft:rotten_flesh":20,"quark:gray_shard":4,"tombstone:magic_scroll":1,"minecraft:coal":89,"minecraft:cobblestone":61},"minecraft:killed":{"apocalypsenow:runner_49":1,"apocalypsenow:walker_9":1,"apocalypsenow:walker_23":1,"apocalypsenow:runner_50":1,"apocalypsenow:runner_54":1,"apocalypsenow:runner_35":1,"apocalypsenow:walker_5":1,"apocalypsenow:walker_14":1,"minecraft:skeleton":2,"minecraft:zombie":2,"apocalypsenow:runner_48":1,"apocalypsenow:runner_41":1,"minecraft:stray":1,"apocalypsenow:runner_45":2,"apocalypsenow:walker_10":1,"apocalypsenow:runner_53":1,"apocalypsenow:walker_24":1,"apocalypsenow:runner_51":1,"apocalypsenow:walker_31":1,"apocalypsenow:runner_55":1,"apocalypsenow:walker_2":1},"minecraft:custom":{"minecraft:interact_with_furnace":17,"lootr:looted_stat":4,"minecraft:mob_kills":28,"minecraft:interact_with_crafting_table":17,"minecraft:open_barrel":2,"minecraft:leave_game":3,"minecraft:time_since_death":3081,"minecraft:climb_one_cm":9999,"minecraft:damage_resisted":838,"minecraft:time_since_rest":3115,"minecraft:sprint_one_cm":112673,"minecraft:damage_taken":4687,"minecraft:walk_one_cm":186231,"minecraft:damage_blocked_by_shield":85,"minecraft:drop":34,"minecraft:damage_dealt":5665,"tombstone:cast_on_ally":1,"minecraft:fly_one_cm":153445,"minecraft:crouch_one_cm":42120,"minecraft:play_time":74018,"tombstone:undead_killed":24,"minecraft:deaths":14,"minecraft:sneak_time":13200,"minecraft:jump":1115,"minecraft:total_world_time":75148,"minecraft:fall_one_cm":17369}},"DataVersion":2975}