{"stats":{"minecraft:killed_by":{"minecraft:husk":4,"apocalypsenow:runner_48":1,"minecraft:player":1,"minecraft:stray":1,"minecraft:spider":1,"minecraft:skeleton":3,"minecraft:zombie":3},"minecraft:broken":{"minecraft:stone_pickaxe":1},"minecraft:used":{"minecraft:stone_sword":82,"minecraft:ladder":1,"minecraft:shield":14,"minecraft:iron_sword":42,"biomesoplenty:fir_button":1,"minecraft:rotten_flesh":36,"minecraft:dirt":28,"minecraft:anvil":1,"minecraft:polished_diorite":1,"minecraft:iron_axe":8,"minecraft:dark_oak_button":2,"minecraft:sweet_berries":7,"minecraft:furnace":2,"tombstone:gift":4,"minecraft:potato":8,"apocalypsenow:cooked_human_flesh":6,"minecraft:stone_pickaxe":132,"minecraft:wooden_pickaxe":6,"biomesoplenty:fir_boat":1,"minecraft:mossy_cobblestone":1,"minecraft:rail":1,"minecraft:crafting_table":8,"minecraft:light_gray_terracotta":6,"easy_villagers:villager":1,"apocalypsenow:barbecuestick":7,"minecraft:bread":2,"minecraft:iron_pickaxe":64,"tombstone:magic_scroll":1,"minecraft:stone_axe":27,"minecraft:cobblestone":7,"apocalypsenow:human_flesh":1,"biomesoplenty:fir_log":1},"minecraft:crafted":{"minecraft:wooden_sword":1,"apocalypsenow:barbecuestick":1,"minecraft:furnace":2,"minecraft:iron_axe":1,"minecraft:stone_pickaxe":1,"minecraft:dark_oak_planks":24,"biomesoplenty:fir_boat":1,"minecraft:crafting_table":2,"minecraft:wooden_pickaxe":1,"minecraft:iron_sword":1,"minecraft:stone_axe":1,"minecraft:air":0,"biomesoplenty:fir_planks":20,"minecraft:shield":1,"minecraft:stick":16,"apocalypsenow:cooked_human_flesh":6,"minecraft:iron_ingot":13,"minecraft:iron_pickaxe":1,"minecraft:stone_sword":1},"minecraft:dropped":{"apocalypsenow:human_flesh":6,"quark:gray_shard":1,"minecraft:coal":53,"minecraft:stick":2,"minecraft:dark_oak_log":2,"tombstone:grave_key":1,"minecraft:wooden_sword":1,"minecraft:dark_oak_planks":22,"minecraft:trapped_chest":1,"mapperbase:steel_ingot":1,"minecraft:furnace":3,"minecraft:anvil":1,"minecraft:stone_axe":1,"minecraft:sweet_berries":2,"minecraft:stone_sword":2,"apocalypsenow:barbecuestick":2,"minecraft:raw_copper":15,"minecraft:rotten_flesh":15,"quark:white_shard":7,"minecraft:potato":5,"minecraft:tipped_arrow":2,"minecraft:wooden_pickaxe":1},"minecraft:mined":{"biomesoplenty:orange_autumn_leaves":1,"minecraft:mossy_cobblestone":1,"minecraft:dark_oak_log":4,"projectvibrantjourneys:rocks":1,"minecraft:grass_block":6,"minecraft:white_stained_glass":2,"minecraft:polished_diorite":1,"biomesoplenty:stripped_fir_log":1,"minecraft:tall_seagrass":1,"minecraft:furnace":3,"minecraft:iron_ore":25,"minecraft:pumpkin":1,"minecraft:anvil":2,"minecraft:rail":1,"minecraft:stone":7,"immersive_weathering:oak_leaf_pile":1,"mekanism:osmium_ore":3,"minecraft:glass_pane":2,"minecraft:crafting_table":7,"minecraft:torch":5,"projectvibrantjourneys:twigs":2,"minecraft:gray_stained_glass":1,"minecraft:cobblestone":54,"minecraft:copper_ore":5,"biomesoplenty:sprout":1,"projectvibrantjourneys:fallen_leaves":1,"minecraft:wall_torch":1,"projectvibrantjourneys:bones":1,"biomesoplenty:fir_log":16,"minecraft:grass":13,"minecraft:coal_ore":92,"projectvibrantjourneys:short_grass":8,"minecraft:gravel":1,"lootr:lootr_trapped_chest":1,"minecraft:dirt":1,"minecraft:oak_leaves":2,"table_top_craft:chess_piece_figure":1},"minecraft:picked_up":{"minecraft:crafting_table":7,"minecraft:wheat":2,"minecraft:anvil":3,"mapperbase:steel_ingot":1,"minecraft:music_disc_cat":1,"minecraft:raw_copper":30,"farmersdelight:cabbage_seeds":4,"minecraft:furnace":5,"minecraft:tipped_arrow":3,"minecraft:stick":7,"minecraft:raw_iron":21,"minecraft:torch":6,"farmersdelight:tomato_seeds":4,"tombstone:grave_dust":4,"minecraft:dark_oak_planks":11,"minecraft:stone_sword":1,"minecraft:arrow":4,"minecraft:rotten_flesh":28,"minecraft:rail":1,"minecraft:cobblestone":62,"minecraft:dark_oak_button":2,"biomesoplenty:fir_button":1,"table_top_craft:chess_piece_figure":1,"biomesoplenty:fir_sapling":2,"biomesoplenty:fir_log":17,"minecraft:dirt":39,"minecraft:bone":3,"biomesoplenty:stripped_fir_log":1,"apocalypsenow:human_flesh":1,"biomesoplenty:fir_boat":1,"apocalypsenow:u_sarmy_chestplate":1,"quark:white_shard":7,"minecraft:sweet_berries":2,"minecraft:gravel":9,"minecraft:trapped_chest":2,"minecraft:dark_oak_log":8,"mekanism:raw_osmium":3,"minecraft:mossy_cobblestone":1,"minecraft:bundle":1,"minecraft:light_gray_terracotta":5,"apocalypsenow:barbecuestick":1,"minecraft:purple_bed":1,"minecraft:polished_diorite":1,"minecraft:bread":2,"tombstone:magic_scroll":1,"quark:gray_shard":4,"minecraft:coal":92},"minecraft:killed":{"apocalypsenow:looter_1":1,"apocalypsenow:runner_49":1,"apocalypsenow:runner_35":1,"apocalypsenow:walker_14":1,"minecraft:skeleton":2,"apocalypsenow:runner_41":1,"apocalypsenow:runner_45":3,"apocalypsenow:walker_10":1,"apocalypsenow:walker_18":1,"apocalypsenow:runner_53":1,"apocalypsenow:walker_9":1,"apocalypsenow:walker_23":1,"apocalypsenow:walker_7":1,"apocalypsenow:runner_50":1,"apocalypsenow:runner_54":1,"apocalypsenow:walker_5":1,"minecraft:zombie":2,"apocalypsenow:runner_43":1,"apocalypsenow:runner_48":1,"minecraft:stray":1,"apocalypsenow:walker_24":1,"apocalypsenow:runner_51":1,"apocalypsenow:walker_31":2,"apocalypsenow:runner_55":2,"apocalypsenow:walker_2":1},"minecraft:custom":{"lootr:looted_stat":4,"minecraft:mob_kills":37,"minecraft:interact_with_crafting_table":19,"minecraft:open_barrel":7,"minecraft:leave_game":3,"minecraft:time_since_death":15081,"minecraft:climb_one_cm":9999,"minecraft:damage_resisted":1363,"minecraft:sprint_one_cm":137560,"minecraft:walk_one_cm":207481,"minecraft:damage_blocked_by_shield":310,"minecraft:drop":45,"minecraft:play_time":86018,"minecraft:deaths":14,"minecraft:sneak_time":13681,"minecraft:walk_under_water_one_cm":8916,"minecraft:boat_one_cm":23133,"minecraft:jump":1410,"minecraft:walk_on_water_one_cm":7043,"minecraft:total_world_time":87148,"minecraft:interact_with_furnace":17,"minecraft:time_since_rest":15115,"minecraft:damage_taken":5033,"minecraft:damage_dealt":6748,"tombstone:cast_on_ally":1,"minecraft:swim_one_cm":18343,"minecraft:fly_one_cm":227584,"minecraft:crouch_one_cm":44090,"tombstone:undead_killed":30,"minecraft:fall_one_cm":20903}},"DataVersion":2975}