{"stats":{"minecraft:killed_by":{"minecraft:husk":4,"apocalypsenow:runner_48":1,"minecraft:player":1,"minecraft:stray":1,"minecraft:spider":1,"minecraft:skeleton":3,"minecraft:zombie":3},"minecraft:broken":{"minecraft:stone_pickaxe":1},"minecraft:used":{"minecraft:stone_sword":82,"minecraft:ladder":1,"minecraft:shield":14,"minecraft:iron_sword":50,"biomesoplenty:fir_button":1,"minecraft:stone_hoe":6,"minecraft:rotten_flesh":36,"minecraft:torch":1,"minecraft:dirt":36,"minecraft:anvil":1,"minecraft:polished_diorite":1,"minecraft:iron_axe":10,"minecraft:dark_oak_button":2,"minecraft:stone_bricks":3,"minecraft:sweet_berries":7,"minecraft:furnace":4,"minecraft:polished_diorite_stairs":1,"tombstone:gift":4,"minecraft:potato":30,"apocalypsenow:cooked_human_flesh":7,"minecraft:stone_pickaxe":132,"minecraft:baked_potato":6,"minecraft:wooden_pickaxe":6,"minecraft:mossy_stone_brick_stairs":1,"biomesoplenty:fir_boat":1,"minecraft:cracked_stone_bricks":2,"minecraft:mossy_cobblestone":1,"minecraft:rail":1,"minecraft:crafting_table":9,"minecraft:light_gray_terracotta":6,"immersive_weathering:mossy_stone_stairs":1,"easy_villagers:villager":1,"apocalypsenow:barbecuestick":7,"minecraft:bread":2,"minecraft:iron_pickaxe":115,"tombstone:magic_scroll":1,"minecraft:stone_axe":27,"minecraft:cobblestone":7,"minecraft:smooth_stone_slab":1,"apocalypsenow:human_flesh":1,"biomesoplenty:fir_log":1,"minecraft:smooth_stone":2,"minecraft:bone_meal":15},"minecraft:crafted":{"minecraft:wooden_sword":1,"apocalypsenow:barbecuestick":1,"minecraft:furnace":2,"minecraft:bone_meal":15,"minecraft:iron_axe":1,"minecraft:stone_pickaxe":1,"minecraft:dark_oak_planks":24,"minecraft:stone_hoe":1,"biomesoplenty:fir_boat":1,"minecraft:crafting_table":2,"minecraft:wooden_pickaxe":1,"minecraft:baked_potato":6,"minecraft:iron_sword":1,"minecraft:copper_ingot":15,"minecraft:stone_axe":1,"minecraft:air":0,"biomesoplenty:fir_planks":64,"minecraft:shield":1,"minecraft:stick":16,"apocalypsenow:cooked_human_flesh":7,"minecraft:iron_ingot":21,"minecraft:iron_pickaxe":1,"minecraft:stone_sword":1},"minecraft:dropped":{"apocalypsenow:human_flesh":6,"minecraft:stone_hoe":1,"quark:gray_shard":1,"minecraft:cracked_stone_bricks":3,"minecraft:coal":53,"biomesoplenty:fir_sapling":2,"minecraft:stick":2,"minecraft:dark_oak_log":2,"minecraft:polished_diorite_stairs":2,"tombstone:grave_key":1,"tombstone:grave_dust":7,"mekanism:raw_osmium":3,"minecraft:wooden_sword":1,"minecraft:dark_oak_planks":22,"minecraft:trapped_chest":2,"quark:black_shard":8,"minecraft:gravel":27,"mapperbase:steel_ingot":1,"minecraft:furnace":3,"minecraft:anvil":2,"minecraft:stone_axe":1,"minecraft:sweet_berries":2,"minecraft:stone_sword":2,"apocalypsenow:barbecuestick":3,"minecraft:raw_copper":30,"minecraft:smooth_stone_slab":9,"minecraft:wheat":2,"minecraft:rotten_flesh":15,"quark:white_shard":7,"minecraft:potato":5,"minecraft:tipped_arrow":3,"minecraft:gunpowder":6,"farmersdelight:rope":42,"minecraft:stone_bricks":2,"minecraft:wooden_pickaxe":1},"minecraft:mined":{"biomesoplenty:orange_autumn_leaves":1,"minecraft:mossy_cobblestone":1,"minecraft:dark_oak_log":4,"minecraft:sea_lantern":6,"projectvibrantjourneys:rocks":1,"minecraft:ladder":2,"minecraft:grass_block":6,"minecraft:white_stained_glass":2,"minecraft:polished_diorite":2,"biomesoplenty:stripped_fir_log":1,"minecraft:smooth_stone":2,"immersive_weathering:mossy_stone_stairs":1,"minecraft:tall_seagrass":1,"minecraft:furnace":4,"minecraft:iron_ore":25,"minecraft:pumpkin":1,"minecraft:anvil":2,"minecraft:mossy_stone_brick_stairs":1,"minecraft:rail":1,"minecraft:stone":7,"immersive_weathering:oak_leaf_pile":1,"mekanism:osmium_ore":3,"minecraft:glass_pane":2,"minecraft:crafting_table":7,"minecraft:torch":5,"projectvibrantjourneys:twigs":2,"minecraft:gray_stained_glass":1,"minecraft:cobblestone":54,"minecraft:copper_ore":5,"biomesoplenty:sprout":1,"projectvibrantjourneys:fallen_leaves":1,"minecraft:wall_torch":1,"minecraft:polished_diorite_stairs":1,"minecraft:black_stained_glass":3,"projectvibrantjourneys:bones":1,"minecraft:smooth_stone_slab":29,"biomesoplenty:fir_log":16,"minecraft:grass":13,"minecraft:coal_ore":92,"projectvibrantjourneys:short_grass":8,"minecraft:gravel":1,"lootr:lootr_trapped_chest":1,"minecraft:dirt":1,"minecraft:cracked_stone_bricks":2,"minecraft:stone_bricks":4,"minecraft:oak_leaves":2,"table_top_craft:chess_piece_figure":1},"minecraft:picked_up":{"minecraft:crafting_table":8,"minecraft:wheat":2,"minecraft:anvil":4,"mapperbase:steel_ingot":1,"minecraft:music_disc_cat":1,"minecraft:raw_copper":45,"minecraft:smooth_stone_slab":59,"minecraft:cracked_stone_bricks":5,"minecraft:smooth_stone":2,"quark:black_shard":8,"farmersdelight:cabbage_seeds":4,"minecraft:furnace":6,"minecraft:tipped_arrow":4,"minecraft:stick":9,"minecraft:raw_iron":21,"minecraft:torch":6,"farmersdelight:tomato_seeds":4,"tombstone:grave_dust":4,"minecraft:prismarine_crystals":15,"minecraft:dark_oak_planks":11,"minecraft:stone_sword":1,"minecraft:arrow":4,"minecraft:rotten_flesh":28,"farmersdelight:rope":42,"minecraft:rail":1,"minecraft:cobblestone":62,"minecraft:dark_oak_button":2,"biomesoplenty:fir_button":1,"table_top_craft:chess_piece_figure":1,"minecraft:potato":12,"biomesoplenty:fir_sapling":4,"biomesoplenty:fir_log":19,"immersive_weathering:mossy_stone_stairs":1,"minecraft:gunpowder":8,"minecraft:dirt":39,"minecraft:bone":5,"biomesoplenty:stripped_fir_log":1,"minecraft:stone_bricks":5,"apocalypsenow:human_flesh":1,"biomesoplenty:fir_boat":1,"minecraft:stone_hoe":1,"minecraft:mossy_stone_brick_stairs":1,"apocalypsenow:u_sarmy_chestplate":1,"quark:white_shard":7,"minecraft:sweet_berries":2,"minecraft:gravel":27,"minecraft:spider_eye":1,"minecraft:trapped_chest":3,"minecraft:dark_oak_log":8,"mekanism:raw_osmium":3,"minecraft:mossy_cobblestone":1,"minecraft:polished_diorite_stairs":3,"minecraft:bundle":1,"minecraft:light_gray_terracotta":5,"apocalypsenow:barbecuestick":2,"minecraft:purple_bed":1,"minecraft:polished_diorite":1,"minecraft:bread":2,"tombstone:magic_scroll":1,"quark:gray_shard":4,"minecraft:coal":92},"minecraft:killed":{"minecraft:witch":1,"apocalypsenow:looter_1":1,"apocalypsenow:runner_49":1,"minecraft:spider":1,"apocalypsenow:runner_35":1,"apocalypsenow:walker_14":1,"minecraft:skeleton":3,"apocalypsenow:runner_41":1,"apocalypsenow:runner_45":3,"apocalypsenow:walker_10":1,"apocalypsenow:walker_18":1,"apocalypsenow:runner_53":1,"apocalypsenow:walker_9":1,"apocalypsenow:walker_23":1,"apocalypsenow:walker_7":1,"apocalypsenow:runner_50":1,"apocalypsenow:runner_54":1,"apocalypsenow:walker_5":1,"minecraft:zombie":2,"apocalypsenow:walker_12":1,"apocalypsenow:runner_43":1,"apocalypsenow:runner_48":1,"minecraft:stray":1,"apocalypsenow:walker_24":1,"apocalypsenow:runner_51":1,"apocalypsenow:walker_31":2,"apocalypsenow:runner_55":2,"apocalypsenow:walker_2":1},"minecraft:custom":{"lootr:looted_stat":4,"minecraft:mob_kills":40,"minecraft:interact_with_crafting_table":20,"minecraft:open_barrel":11,"minecraft:leave_game":3,"minecraft:time_since_death":27081,"minecraft:climb_one_cm":10163,"minecraft:damage_resisted":1601,"minecraft:sprint_one_cm":144772,"minecraft:walk_one_cm":255605,"minecraft:damage_blocked_by_shield":310,"minecraft:drop":71,"minecraft:play_time":98018,"minecraft:deaths":14,"minecraft:sneak_time":15255,"minecraft:walk_under_water_one_cm":8916,"minecraft:boat_one_cm":23133,"minecraft:jump":1443,"minecraft:walk_on_water_one_cm":7043,"minecraft:total_world_time":99148,"minecraft:interact_with_furnace":44,"tombstone:raider_killed":1,"minecraft:time_since_rest":27115,"minecraft:damage_taken":5470,"minecraft:damage_dealt":7155,"tombstone:cast_on_ally":1,"minecraft:swim_one_cm":18343,"minecraft:fly_one_cm":229212,"minecraft:crouch_one_cm":51417,"tombstone:undead_killed":32,"minecraft:fall_one_cm":21249}},"DataVersion":2975}