{"stats":{"minecraft:killed_by":{"minecraft:husk":3,"apocalypsenow:runner_48":1,"minecraft:skeleton":2,"minecraft:stray":1,"minecraft:spider":1,"minecraft:zombie":3},"minecraft:used":{"apocalypsenow:cooked_human_flesh":3,"minecraft:stone_sword":53,"minecraft:stone_pickaxe":93,"minecraft:wooden_pickaxe":6,"minecraft:rotten_flesh":20,"minecraft:dirt":4,"minecraft:anvil":1,"minecraft:crafting_table":2,"minecraft:light_gray_terracotta":5,"tombstone:magic_scroll":1,"minecraft:stone_axe":8,"minecraft:cobblestone":7,"tombstone:gift":4,"apocalypsenow:human_flesh":1},"minecraft:crafted":{"minecraft:wooden_sword":1,"minecraft:crafting_table":1,"minecraft:wooden_pickaxe":1,"minecraft:furnace":2,"minecraft:stone_axe":1,"minecraft:air":0,"minecraft:stick":8,"apocalypsenow:cooked_human_flesh":3,"minecraft:stone_pickaxe":1,"minecraft:stone_sword":1,"minecraft:dark_oak_planks":24},"minecraft:dropped":{"apocalypsenow:human_flesh":5,"minecraft:furnace":3,"minecraft:rotten_flesh":10,"quark:white_shard":7,"quark:gray_shard":1,"minecraft:coal":53,"minecraft:stick":2,"minecraft:dark_oak_log":2,"minecraft:wooden_sword":1,"minecraft:wooden_pickaxe":1,"minecraft:dark_oak_planks":22},"minecraft:mined":{"biomesoplenty:orange_autumn_leaves":1,"minecraft:dark_oak_log":4,"projectvibrantjourneys:rocks":1,"minecraft:crafting_table":1,"minecraft:torch":4,"projectvibrantjourneys:twigs":2,"minecraft:grass_block":4,"minecraft:gray_stained_glass":1,"minecraft:white_stained_glass":2,"minecraft:copper_ore":5,"minecraft:cobblestone":38,"biomesoplenty:sprout":1,"projectvibrantjourneys:fallen_leaves":1,"minecraft:furnace":1,"projectvibrantjourneys:bones":1,"minecraft:pumpkin":1,"minecraft:anvil":2,"minecraft:grass":9,"minecraft:coal_ore":46,"projectvibrantjourneys:short_grass":6,"minecraft:dirt":1,"lootr:lootr_trapped_chest":1,"minecraft:stone":4,"minecraft:oak_leaves":2,"immersive_weathering:oak_leaf_pile":1,"table_top_craft:chess_piece_figure":1},"minecraft:picked_up":{"minecraft:crafting_table":1,"minecraft:anvil":2,"table_top_craft:chess_piece_figure":1,"minecraft:music_disc_cat":1,"minecraft:dirt":5,"minecraft:raw_copper":15,"minecraft:bone":1,"minecraft:furnace":3,"minecraft:stick":7,"quark:white_shard":7,"minecraft:torch":4,"tombstone:grave_dust":1,"minecraft:dark_oak_log":8,"minecraft:trapped_chest":1,"minecraft:light_gray_terracotta":5,"minecraft:dark_oak_planks":11,"minecraft:arrow":1,"minecraft:bundle":1,"minecraft:rotten_flesh":9,"quark:gray_shard":4,"tombstone:magic_scroll":1,"minecraft:coal":46,"minecraft:cobblestone":42},"minecraft:killed":{"apocalypsenow:walker_9":1,"apocalypsenow:runner_35":1,"apocalypsenow:walker_5":1,"apocalypsenow:walker_14":1,"minecraft:skeleton":1,"minecraft:zombie":2,"apocalypsenow:runner_48":1,"apocalypsenow:runner_41":1,"apocalypsenow:runner_45":1,"apocalypsenow:walker_10":1,"apocalypsenow:runner_53":1,"apocalypsenow:walker_31":1,"apocalypsenow:runner_55":1},"minecraft:custom":{"minecraft:interact_with_furnace":7,"lootr:looted_stat":3,"minecraft:mob_kills":16,"minecraft:interact_with_crafting_table":8,"minecraft:leave_game":3,"minecraft:time_since_death":821,"minecraft:climb_one_cm":9999,"minecraft:time_since_rest":855,"minecraft:sprint_one_cm":84303,"minecraft:damage_taken":3672,"minecraft:walk_one_cm":126195,"minecraft:drop":26,"minecraft:damage_dealt":3142,"tombstone:cast_on_ally":1,"minecraft:fly_one_cm":131697,"minecraft:crouch_one_cm":27852,"minecraft:play_time":50018,"tombstone:undead_killed":14,"minecraft:deaths":11,"minecraft:sneak_time":9096,"minecraft:jump":792,"minecraft:total_world_time":51148,"minecraft:fall_one_cm":9050}},"DataVersion":2975}