{"stats":{"minecraft:killed_by":{"minecraft:husk":4,"apocalypsenow:runner_48":1,"minecraft:skeleton":3,"minecraft:stray":1,"minecraft:spider":1,"minecraft:zombie":3},"minecraft:used":{"apocalypsenow:cooked_human_flesh":6,"minecraft:stone_sword":82,"minecraft:stone_pickaxe":132,"minecraft:ladder":1,"minecraft:wooden_pickaxe":6,"minecraft:iron_sword":2,"minecraft:rotten_flesh":23,"minecraft:mossy_cobblestone":1,"minecraft:dirt":6,"minecraft:anvil":1,"minecraft:crafting_table":5,"minecraft:light_gray_terracotta":6,"minecraft:iron_axe":2,"minecraft:iron_pickaxe":2,"tombstone:magic_scroll":1,"minecraft:stone_axe":27,"minecraft:cobblestone":7,"minecraft:furnace":2,"tombstone:gift":4,"apocalypsenow:human_flesh":1},"minecraft:crafted":{"minecraft:wooden_sword":1,"minecraft:crafting_table":2,"minecraft:wooden_pickaxe":1,"minecraft:iron_sword":1,"minecraft:furnace":2,"minecraft:stone_axe":1,"minecraft:air":0,"biomesoplenty:fir_planks":16,"minecraft:shield":1,"minecraft:iron_axe":1,"minecraft:iron_pickaxe":1,"minecraft:iron_ingot":13,"minecraft:stick":16,"apocalypsenow:cooked_human_flesh":6,"minecraft:stone_pickaxe":1,"minecraft:stone_sword":1,"minecraft:dark_oak_planks":24},"minecraft:dropped":{"apocalypsenow:human_flesh":5,"minecraft:furnace":3,"minecraft:stone_axe":1,"minecraft:stone_sword":2,"minecraft:rotten_flesh":15,"quark:white_shard":7,"quark:gray_shard":1,"minecraft:coal":53,"minecraft:stick":2,"minecraft:dark_oak_log":2,"tombstone:grave_key":1,"minecraft:wooden_sword":1,"minecraft:wooden_pickaxe":1,"minecraft:dark_oak_planks":22},"minecraft:broken":{"minecraft:stone_pickaxe":1},"minecraft:mined":{"biomesoplenty:orange_autumn_leaves":1,"minecraft:glass_pane":2,"minecraft:mossy_cobblestone":1,"minecraft:dark_oak_log":4,"projectvibrantjourneys:rocks":1,"minecraft:crafting_table":4,"minecraft:torch":4,"projectvibrantjourneys:twigs":2,"minecraft:grass_block":5,"minecraft:gray_stained_glass":1,"minecraft:white_stained_glass":2,"minecraft:copper_ore":5,"minecraft:cobblestone":40,"biomesoplenty:sprout":1,"projectvibrantjourneys:fallen_leaves":1,"minecraft:furnace":3,"minecraft:iron_ore":14,"projectvibrantjourneys:bones":1,"biomesoplenty:fir_log":16,"minecraft:pumpkin":1,"minecraft:anvil":2,"minecraft:grass":12,"minecraft:coal_ore":66,"projectvibrantjourneys:short_grass":7,"minecraft:dirt":1,"lootr:lootr_trapped_chest":1,"minecraft:stone":5,"minecraft:oak_leaves":2,"immersive_weathering:oak_leaf_pile":1,"table_top_craft:chess_piece_figure":1},"minecraft:picked_up":{"minecraft:crafting_table":4,"minecraft:anvil":2,"table_top_craft:chess_piece_figure":1,"biomesoplenty:fir_sapling":2,"biomesoplenty:fir_log":17,"minecraft:music_disc_cat":1,"minecraft:dirt":6,"minecraft:raw_copper":15,"minecraft:bone":3,"minecraft:furnace":5,"minecraft:tipped_arrow":1,"minecraft:raw_iron":13,"minecraft:stick":7,"apocalypsenow:u_sarmy_chestplate":1,"quark:white_shard":7,"minecraft:torch":4,"minecraft:stone_sword":1,"tombstone:grave_dust":1,"minecraft:dark_oak_log":8,"minecraft:trapped_chest":1,"minecraft:mossy_cobblestone":1,"minecraft:light_gray_terracotta":5,"minecraft:dark_oak_planks":11,"minecraft:arrow":4,"minecraft:bundle":1,"minecraft:rotten_flesh":15,"quark:gray_shard":4,"tombstone:magic_scroll":1,"minecraft:coal":66,"minecraft:cobblestone":45},"minecraft:killed":{"apocalypsenow:walker_9":1,"apocalypsenow:runner_35":1,"apocalypsenow:walker_5":1,"apocalypsenow:walker_14":1,"minecraft:skeleton":2,"minecraft:zombie":2,"apocalypsenow:runner_48":1,"apocalypsenow:runner_41":1,"minecraft:stray":1,"apocalypsenow:runner_45":1,"apocalypsenow:walker_10":1,"apocalypsenow:runner_53":1,"apocalypsenow:runner_51":1,"apocalypsenow:walker_31":1,"apocalypsenow:runner_55":1,"apocalypsenow:walker_2":1},"minecraft:custom":{"minecraft:interact_with_furnace":17,"lootr:looted_stat":3,"minecraft:mob_kills":21,"minecraft:interact_with_crafting_table":14,"minecraft:leave_game":3,"minecraft:time_since_death":6280,"minecraft:climb_one_cm":9999,"minecraft:damage_resisted":344,"minecraft:time_since_rest":6310,"minecraft:sprint_one_cm":87158,"minecraft:damage_taken":4338,"minecraft:walk_one_cm":155130,"minecraft:drop":33,"minecraft:damage_dealt":4345,"tombstone:cast_on_ally":1,"minecraft:fly_one_cm":135089,"minecraft:crouch_one_cm":36614,"minecraft:play_time":62018,"tombstone:undead_killed":18,"minecraft:deaths":13,"minecraft:sneak_time":11879,"minecraft:jump":940,"minecraft:total_world_time":63148,"minecraft:fall_one_cm":11775}},"DataVersion":2975}