{"stats":{"minecraft:dropped":{"minecraft:dark_oak_log":2,"minecraft:rotten_flesh":2,"minecraft:wooden_sword":1,"minecraft:wooden_pickaxe":1,"minecraft:dark_oak_planks":22,"minecraft:stick":2},"minecraft:used":{"minecraft:stone_sword":6,"minecraft:stone_pickaxe":65,"minecraft:wooden_pickaxe":6,"minecraft:rotten_flesh":2,"minecraft:stone_axe":8,"minecraft:crafting_table":2},"minecraft:crafted":{"minecraft:wooden_sword":1,"minecraft:furnace":2,"minecraft:crafting_table":1,"minecraft:stick":8,"minecraft:wooden_pickaxe":1,"minecraft:stone_pickaxe":1,"minecraft:stone_sword":1,"minecraft:dark_oak_planks":24,"minecraft:stone_axe":1},"minecraft:mined":{"biomesoplenty:orange_autumn_leaves":1,"projectvibrantjourneys:bones":1,"minecraft:dark_oak_log":4,"minecraft:coal_ore":24,"minecraft:torch":4,"minecraft:pumpkin":1,"projectvibrantjourneys:rocks":1,"minecraft:crafting_table":1,"minecraft:grass":9,"projectvibrantjourneys:twigs":2,"minecraft:grass_block":4,"projectvibrantjourneys:short_grass":5,"lootr:lootr_trapped_chest":1,"minecraft:copper_ore":5,"minecraft:cobblestone":37,"biomesoplenty:sprout":1,"minecraft:stone":3,"projectvibrantjourneys:fallen_leaves":1,"minecraft:oak_leaves":1,"immersive_weathering:oak_leaf_pile":1},"minecraft:picked_up":{"minecraft:stick":2,"minecraft:crafting_table":1,"minecraft:torch":4,"minecraft:raw_copper":15,"minecraft:dark_oak_planks":11,"minecraft:trapped_chest":1,"minecraft:dark_oak_log":8,"minecraft:dirt":4,"minecraft:bone":1,"minecraft:rotten_flesh":4,"minecraft:coal":24,"minecraft:cobblestone":40},"minecraft:killed":{"apocalypsenow:walker_14":1,"apocalypsenow:runner_41":1,"apocalypsenow:runner_45":1,"apocalypsenow:walker_10":1,"apocalypsenow:walker_9":1,"apocalypsenow:runner_53":1,"apocalypsenow:runner_35":1,"apocalypsenow:walker_31":1,"apocalypsenow:walker_5":1},"minecraft:custom":{"minecraft:time_since_rest":25948,"lootr:looted_stat":1,"minecraft:sprint_one_cm":16541,"minecraft:damage_taken":65,"minecraft:walk_one_cm":29107,"minecraft:mob_kills":9,"minecraft:drop":9,"minecraft:damage_dealt":1436,"minecraft:interact_with_crafting_table":6,"minecraft:fly_one_cm":34267,"minecraft:crouch_one_cm":22399,"minecraft:play_time":25948,"tombstone:undead_killed":9,"minecraft:sneak_time":7453,"minecraft:jump":293,"minecraft:leave_game":3,"minecraft:time_since_death":25948,"minecraft:total_world_time":27078,"minecraft:fall_one_cm":5387}},"DataVersion":2975}