{"stats":{"minecraft:dropped":{"minecraft:rotten_flesh":1},"minecraft:mined":{"minecraft:grass":1,"projectvibrantjourneys:twigs":2,"projectvibrantjourneys:short_grass":1,"projectvibrantjourneys:fallen_leaves":1,"projectvibrantjourneys:rocks":1},"minecraft:picked_up":{"minecraft:stick":2,"minecraft:rotten_flesh":1},"minecraft:killed":{"apocalypsenow:walker_31":1},"minecraft:custom":{"minecraft:time_since_rest":7285,"minecraft:crouch_one_cm":3102,"minecraft:sprint_one_cm":6536,"minecraft:play_time":7285,"minecraft:damage_taken":20,"tombstone:undead_killed":1,"minecraft:walk_one_cm":14062,"minecraft:sneak_time":596,"minecraft:mob_kills":1,"minecraft:drop":1,"minecraft:jump":89,"minecraft:damage_dealt":100,"minecraft:leave_game":2,"minecraft:time_since_death":7285,"minecraft:total_world_time":8415,"minecraft:fall_one_cm":2343,"minecraft:fly_one_cm":16143}},"DataVersion":2975}