{"stats":{"minecraft:killed_by":{"minecraft:stray":1,"minecraft:spider":1,"apocalypsenow:runner_35":1,"minecraft:zombie":1},"minecraft:used":{"minecraft:stone_sword":39,"minecraft:ladder":1,"minecraft:spruce_planks":12,"minecraft:shield":6,"minecraft:iron_sword":5,"minecraft:stone_hoe":3,"biomesoplenty:fir_button":1,"minecraft:rotten_flesh":9,"minecraft:torch":1,"tombstone:scroll_of_preservation":2,"minecraft:dirt":1,"minecraft:dark_oak_planks":12,"tombstone:tablet_of_cupidity":2,"carryon:entity_item":2,"minecraft:dark_oak_button":2,"minecraft:barrel":1,"minecraft:stone_bricks":2,"minecraft:furnace":4,"minecraft:minecart":1,"tombstone:gift":2,"minecraft:potato":9,"minecraft:pumpkin":2,"minecraft:water_bucket":6,"apocalypsenow:cooked_human_flesh":4,"table_top_craft:chess_piece_figure":1,"minecraft:stone_pickaxe":65,"minecraft:baked_potato":5,"minecraft:oak_planks":4,"minecraft:wooden_pickaxe":8,"biomesoplenty:fir_planks":5,"minecraft:cracked_stone_bricks":1,"minecraft:golden_apple":1,"minecraft:crafting_table":7,"minecraft:loom":1,"minecraft:light_gray_terracotta":1,"apocalypsenow:barbecuestick":1,"minecraft:bread":5,"minecraft:stone_axe":61,"minecraft:cobblestone":1,"biomesoplenty:fir_door":1,"minecraft:bucket":6,"apocalypsenow:human_flesh":3,"minecraft:bone_meal":6},"minecraft:crafted":{"minecraft:wooden_sword":1,"minecraft:oak_planks":4,"minecraft:bone_meal":6,"minecraft:stone_pickaxe":1,"minecraft:dark_oak_planks":16,"minecraft:minecart":1,"minecraft:crafting_table":2,"minecraft:spruce_planks":20,"minecraft:wooden_pickaxe":1,"minecraft:baked_potato":5,"minecraft:iron_sword":1,"minecraft:bucket":1,"minecraft:dark_oak_button":2,"minecraft:stone_axe":1,"minecraft:air":0,"biomesoplenty:fir_planks":24,"minecraft:shield":1,"minecraft:iron_pickaxe":1,"minecraft:stick":16,"minecraft:iron_ingot":15,"apocalypsenow:cooked_human_flesh":4,"minecraft:stone_sword":1,"biomesoplenty:fir_button":1,"minecraft:torch":16,"biomesoplenty:fir_door":3},"minecraft:dropped":{"farmersdelight:tomato_seeds":4,"apocalypsenow:human_flesh":1,"minecraft:stone_hoe":2,"minecraft:bread":2,"minecraft:wheat_seeds":1,"minecraft:crafting_table":1,"minecraft:cobblestone":1,"biomesoplenty:fir_sapling":3,"minecraft:dirt":1,"minecraft:wooden_sword":1,"minecraft:music_disc_cat":1,"minecraft:gravel":7,"minecraft:furnace":2,"apocalypsenow:barbecuestick":2,"minecraft:wheat":2,"farmersdelight:cabbage_seeds":4,"minecraft:rotten_flesh":2,"minecraft:gunpowder":6,"farmersdelight:rope":21,"biomesoplenty:fir_log":2},"minecraft:mined":{"minecraft:stone_pressure_plate":1,"minecraft:spruce_planks":1,"biomesoplenty:fir_button":1,"minecraft:dark_oak_log":6,"minecraft:ladder":3,"minecraft:grass_block":1,"minecraft:furnace":3,"minecraft:iron_ore":28,"minecraft:barrel":2,"minecraft:pumpkin":2,"biomesoplenty:fir_door":1,"minecraft:stone":2,"mekanism:osmium_ore":1,"minecraft:glass_pane":5,"minecraft:crafting_table":7,"minecraft:light_gray_terracotta":8,"minecraft:gray_stained_glass":3,"minecraft:glass":2,"minecraft:cobblestone":8,"minecraft:iron_door":1,"minecraft:wall_torch":1,"minecraft:polished_diorite_stairs":2,"minecraft:purple_bed":2,"biomesoplenty:fir_log":29,"minecraft:smooth_stone_slab":5,"minecraft:grass":1,"minecraft:oak_log":1,"projectvibrantjourneys:short_grass":2,"minecraft:dark_oak_button":2,"biomesoplenty:fir_leaves":34,"minecraft:gravel":8,"minecraft:loom":1,"minecraft:dirt":1,"minecraft:cracked_stone_bricks":2,"minecraft:stone_bricks":10,"minecraft:iron_trapdoor":1},"minecraft:picked_up":{"minecraft:crafting_table":7,"minecraft:wheat":2,"minecraft:iron_trapdoor":1,"minecraft:ladder":1,"biomesoplenty:fir_door":1,"minecraft:smooth_stone_slab":3,"minecraft:cracked_stone_bricks":1,"minecraft:spruce_planks":1,"quark:black_shard":8,"minecraft:minecart":1,"minecraft:furnace":6,"minecraft:stick":2,"minecraft:raw_iron":31,"minecraft:torch":2,"tombstone:grave_dust":7,"minecraft:stone_pressure_plate":1,"minecraft:dark_oak_planks":11,"quark:clear_shard":3,"minecraft:rotten_flesh":11,"minecraft:cobblestone":10,"minecraft:dark_oak_button":2,"minecraft:iron_door":1,"biomesoplenty:fir_button":1,"minecraft:potato":10,"biomesoplenty:fir_sapling":3,"biomesoplenty:fir_log":28,"minecraft:flint":1,"minecraft:oak_log":1,"minecraft:gunpowder":6,"minecraft:dirt":2,"minecraft:bone":2,"minecraft:stone_bricks":4,"apocalypsenow:human_flesh":6,"minecraft:wheat_seeds":1,"minecraft:stone_hoe":2,"minecraft:pumpkin":2,"minecraft:gravel":7,"minecraft:loom":1,"minecraft:dark_oak_log":4,"mekanism:raw_osmium":4,"minecraft:spider_eye":1,"minecraft:barrel":2,"minecraft:light_gray_terracotta":1,"apocalypsenow:barbecuestick":2,"minecraft:purple_bed":1,"minecraft:polished_diorite":1,"minecraft:lever":1,"quark:gray_shard":9,"minecraft:coal":106},"minecraft:killed":{"apocalypsenow:runner_49":1,"apocalypsenow:horde_2":1,"apocalypsenow:walker_25":1,"apocalypsenow:runner_41":1,"minecraft:husk":1,"apocalypsenow:runner_44":1,"apocalypsenow:walker_24":1},"minecraft:custom":{"lootr:looted_stat":4,"minecraft:mob_kills":3,"minecraft:interact_with_crafting_table":22,"minecraft:open_barrel":7,"minecraft:leave_game":1,"minecraft:time_since_death":47811,"minecraft:climb_one_cm":9644,"minecraft:sprint_one_cm":100147,"minecraft:walk_one_cm":247123,"minecraft:damage_blocked_by_shield":105,"minecraft:drop":28,"minecraft:talked_to_villager":1,"minecraft:play_time":82262,"minecraft:deaths":4,"minecraft:sneak_time":6159,"minecraft:walk_under_water_one_cm":8563,"minecraft:boat_one_cm":15245,"minecraft:jump":1028,"minecraft:walk_on_water_one_cm":7363,"minecraft:total_world_time":82262,"minecraft:interact_with_furnace":28,"minecraft:time_since_rest":47840,"minecraft:damage_taken":4729,"minecraft:damage_absorbed":40,"minecraft:minecart_one_cm":48573,"minecraft:damage_dealt":1338,"minecraft:fly_one_cm":168873,"minecraft:player_kills":1,"minecraft:swim_one_cm":29635,"minecraft:crouch_one_cm":23352,"tombstone:undead_killed":7,"minecraft:fall_one_cm":21001}},"DataVersion":2975}