{"stats":{"minecraft:killed_by":{"minecraft:stray":1,"minecraft:spider":1,"minecraft:zombie":1,"apocalypsenow:runner_35":1},"minecraft:used":{"apocalypsenow:cooked_human_flesh":4,"minecraft:stone_sword":35,"table_top_craft:chess_piece_figure":1,"minecraft:baked_potato":1,"minecraft:stone_pickaxe":43,"minecraft:ladder":1,"minecraft:oak_planks":4,"minecraft:spruce_planks":3,"minecraft:shield":6,"minecraft:wooden_pickaxe":8,"biomesoplenty:fir_planks":5,"biomesoplenty:fir_button":1,"minecraft:rotten_flesh":9,"minecraft:torch":1,"minecraft:golden_apple":1,"tombstone:scroll_of_preservation":2,"minecraft:dirt":1,"minecraft:loom":1,"minecraft:crafting_table":6,"minecraft:light_gray_terracotta":1,"minecraft:dark_oak_planks":12,"apocalypsenow:barbecuestick":1,"tombstone:tablet_of_cupidity":2,"minecraft:bread":5,"carryon:entity_item":2,"minecraft:dark_oak_button":2,"minecraft:stone_axe":58,"minecraft:cobblestone":1,"biomesoplenty:fir_door":1,"minecraft:furnace":3,"minecraft:minecart":1,"minecraft:bucket":1,"tombstone:gift":2,"minecraft:potato":7,"apocalypsenow:human_flesh":3,"minecraft:pumpkin":2},"minecraft:crafted":{"minecraft:wooden_sword":1,"minecraft:oak_planks":4,"minecraft:crafting_table":2,"minecraft:spruce_planks":20,"minecraft:baked_potato":1,"minecraft:wooden_pickaxe":1,"minecraft:bucket":1,"minecraft:dark_oak_button":2,"minecraft:stone_axe":1,"minecraft:air":0,"biomesoplenty:fir_planks":20,"minecraft:shield":1,"minecraft:stick":12,"apocalypsenow:cooked_human_flesh":4,"minecraft:iron_ingot":15,"minecraft:iron_pickaxe":1,"minecraft:stone_pickaxe":1,"minecraft:stone_sword":1,"biomesoplenty:fir_button":1,"minecraft:dark_oak_planks":16,"minecraft:torch":16,"minecraft:minecart":1,"biomesoplenty:fir_door":3},"minecraft:dropped":{"apocalypsenow:human_flesh":1,"farmersdelight:tomato_seeds":4,"minecraft:gravel":7,"minecraft:bread":2,"minecraft:furnace":2,"minecraft:wheat_seeds":1,"apocalypsenow:barbecuestick":1,"minecraft:crafting_table":1,"minecraft:wheat":2,"farmersdelight:cabbage_seeds":4,"minecraft:cobblestone":1,"minecraft:rotten_flesh":2,"biomesoplenty:fir_sapling":3,"minecraft:wooden_sword":1,"minecraft:music_disc_cat":1},"minecraft:mined":{"mekanism:osmium_ore":1,"minecraft:glass_pane":5,"biomesoplenty:fir_button":1,"minecraft:dark_oak_log":6,"minecraft:crafting_table":5,"minecraft:light_gray_terracotta":8,"minecraft:ladder":2,"minecraft:grass_block":1,"minecraft:gray_stained_glass":3,"minecraft:glass":2,"minecraft:cobblestone":8,"minecraft:wall_torch":1,"minecraft:purple_bed":2,"minecraft:furnace":3,"minecraft:iron_ore":28,"minecraft:barrel":2,"minecraft:pumpkin":2,"biomesoplenty:fir_log":29,"minecraft:dark_oak_button":2,"biomesoplenty:fir_door":1,"minecraft:grass":1,"projectvibrantjourneys:short_grass":2,"minecraft:oak_log":1,"biomesoplenty:fir_leaves":34,"minecraft:loom":1,"minecraft:gravel":8,"minecraft:stone":2},"minecraft:picked_up":{"minecraft:crafting_table":6,"minecraft:dark_oak_button":2,"minecraft:ladder":1,"biomesoplenty:fir_button":1,"minecraft:potato":5,"biomesoplenty:fir_sapling":3,"biomesoplenty:fir_log":28,"minecraft:flint":1,"minecraft:oak_log":1,"minecraft:dirt":1,"biomesoplenty:fir_door":1,"minecraft:bone":2,"minecraft:wheat_seeds":1,"apocalypsenow:human_flesh":6,"minecraft:minecart":1,"minecraft:furnace":6,"minecraft:stick":2,"minecraft:raw_iron":31,"minecraft:pumpkin":2,"minecraft:torch":2,"minecraft:gravel":7,"quark:clear_shard":3,"mekanism:raw_osmium":1,"minecraft:barrel":2,"minecraft:purple_bed":1,"minecraft:loom":1,"minecraft:dark_oak_log":4,"minecraft:dark_oak_planks":11,"apocalypsenow:barbecuestick":2,"minecraft:light_gray_terracotta":1,"minecraft:rotten_flesh":11,"quark:gray_shard":9,"minecraft:coal":106,"minecraft:cobblestone":10},"minecraft:killed":{"minecraft:husk":1,"apocalypsenow:runner_49":1,"apocalypsenow:horde_2":1,"apocalypsenow:walker_25":1,"apocalypsenow:runner_44":1,"apocalypsenow:runner_41":1,"apocalypsenow:walker_24":1},"minecraft:custom":{"lootr:looted_stat":4,"minecraft:interact_with_furnace":22,"minecraft:mob_kills":2,"minecraft:open_barrel":6,"minecraft:interact_with_crafting_table":19,"minecraft:leave_game":1,"minecraft:time_since_death":35811,"minecraft:climb_one_cm":9572,"minecraft:time_since_rest":35840,"minecraft:sprint_one_cm":99692,"minecraft:walk_one_cm":201477,"minecraft:damage_taken":4184,"minecraft:damage_absorbed":40,"minecraft:damage_blocked_by_shield":105,"minecraft:drop":20,"minecraft:minecart_one_cm":48573,"minecraft:damage_dealt":1157,"minecraft:talked_to_villager":1,"minecraft:swim_one_cm":29635,"minecraft:player_kills":1,"minecraft:fly_one_cm":168636,"minecraft:crouch_one_cm":15686,"minecraft:play_time":70262,"tombstone:undead_killed":7,"minecraft:deaths":4,"minecraft:sneak_time":4432,"minecraft:walk_under_water_one_cm":5619,"minecraft:boat_one_cm":15245,"minecraft:jump":1006,"minecraft:walk_on_water_one_cm":6134,"minecraft:total_world_time":70262,"minecraft:fall_one_cm":20666}},"DataVersion":2975}