{"stats":{"minecraft:killed_by":{"apocalypsenow:runner_35":1,"minecraft:spider":1},"minecraft:dropped":{"minecraft:rotten_flesh":1},"minecraft:used":{"minecraft:dark_oak_planks":12,"minecraft:stone_sword":4,"table_top_craft:chess_piece_figure":1,"tombstone:tablet_of_cupidity":2,"minecraft:bread":1,"minecraft:wooden_pickaxe":8,"minecraft:rotten_flesh":7,"minecraft:stone_axe":2,"minecraft:golden_apple":1,"tombstone:scroll_of_preservation":1,"minecraft:crafting_table":1,"tombstone:gift":2,"apocalypsenow:human_flesh":3},"minecraft:crafted":{"minecraft:wooden_sword":1,"minecraft:crafting_table":1,"minecraft:stick":8,"minecraft:wooden_pickaxe":1,"minecraft:stone_pickaxe":1,"minecraft:stone_sword":1,"minecraft:dark_oak_button":2,"minecraft:dark_oak_planks":16,"minecraft:stone_axe":1},"minecraft:mined":{"minecraft:dark_oak_log":6,"minecraft:pumpkin":2,"minecraft:crafting_table":2,"minecraft:grass":1,"minecraft:oak_log":1,"projectvibrantjourneys:short_grass":1,"minecraft:cobblestone":8},"minecraft:picked_up":{"minecraft:stick":2,"minecraft:crafting_table":2,"minecraft:pumpkin":2,"minecraft:oak_log":1,"minecraft:dark_oak_log":4,"minecraft:dark_oak_planks":11,"minecraft:rotten_flesh":8,"minecraft:cobblestone":8},"minecraft:killed":{"apocalypsenow:horde_2":1,"apocalypsenow:runner_49":1},"minecraft:custom":{"minecraft:time_since_rest":6418,"lootr:looted_stat":2,"minecraft:sprint_one_cm":33201,"minecraft:damage_absorbed":40,"minecraft:damage_taken":1438,"minecraft:walk_one_cm":52802,"minecraft:drop":1,"minecraft:damage_dealt":134,"minecraft:interact_with_crafting_table":7,"minecraft:swim_one_cm":3648,"minecraft:fly_one_cm":69080,"minecraft:crouch_one_cm":1575,"minecraft:play_time":23017,"tombstone:undead_killed":2,"minecraft:deaths":2,"minecraft:sneak_time":645,"minecraft:walk_under_water_one_cm":326,"minecraft:jump":381,"minecraft:leave_game":1,"minecraft:time_since_death":6389,"minecraft:walk_on_water_one_cm":903,"minecraft:total_world_time":23017,"minecraft:climb_one_cm":6100,"minecraft:fall_one_cm":7959}},"DataVersion":2975}