{"stats":{"minecraft:killed_by":{"minecraft:stray":1,"minecraft:spider":1,"minecraft:zombie":1,"apocalypsenow:runner_35":1},"minecraft:used":{"apocalypsenow:cooked_human_flesh":4,"minecraft:stone_sword":27,"table_top_craft:chess_piece_figure":1,"minecraft:stone_pickaxe":23,"minecraft:ladder":1,"minecraft:oak_planks":4,"minecraft:wooden_pickaxe":8,"minecraft:rotten_flesh":9,"minecraft:golden_apple":1,"tombstone:scroll_of_preservation":2,"minecraft:dirt":1,"minecraft:crafting_table":4,"minecraft:light_gray_terracotta":1,"minecraft:dark_oak_planks":12,"tombstone:tablet_of_cupidity":2,"minecraft:bread":1,"minecraft:stone_axe":45,"biomesoplenty:fir_door":1,"minecraft:furnace":2,"tombstone:gift":2,"apocalypsenow:human_flesh":3,"minecraft:pumpkin":2},"minecraft:dropped":{"minecraft:furnace":2,"minecraft:crafting_table":1,"minecraft:rotten_flesh":1,"biomesoplenty:fir_sapling":3,"minecraft:music_disc_cat":1},"minecraft:crafted":{"minecraft:wooden_sword":1,"minecraft:oak_planks":4,"minecraft:crafting_table":1,"minecraft:wooden_pickaxe":1,"minecraft:bucket":1,"minecraft:dark_oak_button":2,"minecraft:stone_axe":1,"minecraft:air":0,"biomesoplenty:fir_planks":16,"minecraft:shield":1,"minecraft:stick":8,"apocalypsenow:cooked_human_flesh":4,"minecraft:iron_ingot":8,"minecraft:iron_pickaxe":1,"minecraft:stone_pickaxe":1,"minecraft:stone_sword":1,"minecraft:dark_oak_planks":16,"biomesoplenty:fir_door":3},"minecraft:mined":{"minecraft:glass_pane":5,"minecraft:dark_oak_log":6,"minecraft:crafting_table":3,"minecraft:light_gray_terracotta":8,"minecraft:ladder":2,"minecraft:grass_block":1,"minecraft:gray_stained_glass":3,"minecraft:cobblestone":8,"minecraft:furnace":1,"minecraft:iron_ore":14,"minecraft:pumpkin":2,"biomesoplenty:fir_log":29,"minecraft:grass":1,"projectvibrantjourneys:short_grass":1,"minecraft:oak_log":1,"biomesoplenty:fir_leaves":34},"minecraft:picked_up":{"minecraft:crafting_table":4,"minecraft:ladder":1,"biomesoplenty:fir_sapling":3,"biomesoplenty:fir_log":28,"minecraft:oak_log":1,"minecraft:dirt":1,"minecraft:bone":2,"apocalypsenow:human_flesh":5,"minecraft:furnace":4,"minecraft:stick":2,"minecraft:raw_iron":15,"minecraft:pumpkin":2,"minecraft:dark_oak_log":4,"minecraft:dark_oak_planks":11,"minecraft:light_gray_terracotta":1,"minecraft:rotten_flesh":11,"quark:gray_shard":9,"minecraft:coal":106,"minecraft:cobblestone":8},"minecraft:killed":{"minecraft:husk":1,"apocalypsenow:runner_49":1,"apocalypsenow:horde_2":1,"apocalypsenow:walker_25":1,"apocalypsenow:walker_24":1},"minecraft:custom":{"lootr:looted_stat":2,"minecraft:interact_with_furnace":16,"minecraft:mob_kills":2,"minecraft:interact_with_crafting_table":15,"minecraft:leave_game":1,"minecraft:time_since_death":11811,"minecraft:climb_one_cm":9572,"minecraft:time_since_rest":11840,"minecraft:sprint_one_cm":65438,"minecraft:walk_one_cm":122967,"minecraft:damage_taken":3879,"minecraft:damage_absorbed":40,"minecraft:drop":8,"minecraft:damage_dealt":713,"minecraft:swim_one_cm":3648,"minecraft:fly_one_cm":110782,"minecraft:crouch_one_cm":9686,"minecraft:play_time":46262,"tombstone:undead_killed":5,"minecraft:deaths":4,"minecraft:sneak_time":2880,"minecraft:walk_under_water_one_cm":326,"minecraft:jump":675,"minecraft:walk_on_water_one_cm":903,"minecraft:total_world_time":46262,"minecraft:fall_one_cm":15011}},"DataVersion":2975}