{"stats":{"minecraft:killed_by":{"apocalypsenow:runner_35":1},"minecraft:crafted":{"minecraft:wooden_sword":1,"minecraft:dark_oak_button":2,"minecraft:dark_oak_planks":16,"minecraft:crafting_table":1,"minecraft:stick":4,"minecraft:wooden_pickaxe":1},"minecraft:used":{"minecraft:dark_oak_planks":6,"minecraft:crafting_table":1,"apocalypsenow:human_flesh":1},"minecraft:mined":{"projectvibrantjourneys:short_grass":1,"minecraft:grass":1,"minecraft:dark_oak_log":6,"minecraft:pumpkin":2,"minecraft:crafting_table":1},"minecraft:picked_up":{"minecraft:dark_oak_planks":11,"minecraft:stick":2,"minecraft:crafting_table":1,"minecraft:pumpkin":2,"minecraft:dark_oak_log":4},"minecraft:custom":{"minecraft:time_since_rest":9855,"minecraft:crouch_one_cm":76,"minecraft:play_time":10249,"minecraft:sprint_one_cm":16988,"minecraft:walk_one_cm":10755,"minecraft:damage_taken":545,"minecraft:deaths":1,"minecraft:sneak_time":42,"minecraft:walk_under_water_one_cm":326,"minecraft:jump":214,"minecraft:walk_on_water_one_cm":784,"minecraft:time_since_death":9002,"minecraft:total_world_time":10249,"minecraft:swim_one_cm":3648,"minecraft:interact_with_crafting_table":3,"minecraft:fall_one_cm":5277,"minecraft:fly_one_cm":41679}},"DataVersion":2975}