{"stats":{"minecraft:killed_by":{"apocalypsenow:runner_35":1,"minecraft:spider":1,"minecraft:zombie":1},"minecraft:crafted":{"minecraft:wooden_sword":1,"minecraft:oak_planks":4,"minecraft:crafting_table":1,"apocalypsenow:cooked_human_flesh":3,"minecraft:stick":8,"minecraft:wooden_pickaxe":1,"minecraft:stone_pickaxe":1,"minecraft:stone_sword":1,"minecraft:dark_oak_button":2,"minecraft:dark_oak_planks":16,"minecraft:stone_axe":1,"minecraft:air":0},"minecraft:dropped":{"minecraft:furnace":2,"minecraft:rotten_flesh":1,"minecraft:music_disc_cat":1,"biomesoplenty:fir_sapling":1},"minecraft:used":{"apocalypsenow:cooked_human_flesh":3,"minecraft:dark_oak_planks":12,"minecraft:stone_sword":8,"table_top_craft:chess_piece_figure":1,"tombstone:tablet_of_cupidity":2,"minecraft:bread":1,"minecraft:stone_pickaxe":9,"minecraft:wooden_pickaxe":8,"minecraft:rotten_flesh":7,"minecraft:stone_axe":2,"minecraft:golden_apple":1,"tombstone:scroll_of_preservation":2,"minecraft:dirt":1,"minecraft:crafting_table":2,"minecraft:furnace":1,"tombstone:gift":2,"apocalypsenow:human_flesh":3,"minecraft:pumpkin":2},"minecraft:mined":{"minecraft:glass_pane":5,"minecraft:furnace":1,"minecraft:dark_oak_log":6,"minecraft:light_gray_terracotta":8,"minecraft:pumpkin":2,"minecraft:ladder":2,"minecraft:gray_stained_glass":3,"minecraft:crafting_table":2,"minecraft:grass_block":1,"minecraft:grass":1,"minecraft:oak_log":1,"projectvibrantjourneys:short_grass":1,"minecraft:cobblestone":8},"minecraft:picked_up":{"minecraft:stick":2,"minecraft:crafting_table":2,"minecraft:ladder":1,"minecraft:pumpkin":2,"biomesoplenty:fir_sapling":2,"minecraft:oak_log":1,"minecraft:light_gray_terracotta":1,"minecraft:dark_oak_log":4,"minecraft:dirt":1,"minecraft:dark_oak_planks":11,"minecraft:rotten_flesh":8,"apocalypsenow:human_flesh":5,"quark:gray_shard":9,"minecraft:coal":106,"minecraft:cobblestone":8,"minecraft:furnace":4},"minecraft:killed":{"apocalypsenow:horde_2":1,"apocalypsenow:runner_49":1},"minecraft:custom":{"minecraft:time_since_rest":10887,"minecraft:interact_with_furnace":7,"lootr:looted_stat":2,"minecraft:sprint_one_cm":62722,"minecraft:damage_taken":3112,"minecraft:damage_absorbed":40,"minecraft:walk_one_cm":84680,"minecraft:drop":5,"minecraft:damage_dealt":242,"minecraft:swim_one_cm":3648,"minecraft:interact_with_crafting_table":7,"minecraft:fly_one_cm":105696,"minecraft:crouch_one_cm":3603,"minecraft:play_time":34262,"tombstone:undead_killed":2,"minecraft:deaths":3,"minecraft:sneak_time":1273,"minecraft:walk_under_water_one_cm":326,"minecraft:jump":549,"minecraft:leave_game":1,"minecraft:walk_on_water_one_cm":903,"minecraft:time_since_death":10552,"minecraft:climb_one_cm":9572,"minecraft:total_world_time":34262,"minecraft:fall_one_cm":11767}},"DataVersion":2975}