{
  "naturescompass:natures_compass_log": {
    "criteria": {
      "has_recipe": "2024-11-23 20:24:30 +0000"
    },
    "done": true
  },
  "lootr:root": {
    "criteria": {
      "always_true": "2024-11-23 20:24:30 +0000"
    },
    "done": true
  },
  "tombstone:adventure/root": {
    "criteria": {
      "auto": "2024-11-23 20:24:30 +0000"
    },
    "done": true
  },
  "naturescompass:natures_compass_sapling": {
    "criteria": {
      "has_recipe": "2024-11-23 20:24:30 +0000"
    },
    "done": true
  },
  "minecraft:adventure/adventuring_time": {
    "criteria": {
      "minecraft:forest": "2024-11-23 19:58:23 +0000",
      "minecraft:old_growth_birch_forest": "2024-11-23 19:58:17 +0000"
    },
    "done": false
  },
  "naturescompass:natures_compass": {
    "criteria": {
      "has_recipe": "2024-11-23 20:24:30 +0000"
    },
    "done": true
  },
  "DataVersion": 2975
}